,2022.SB.Oklahoma,2022.SB.TexasA&M,2022.SB.Minnesota,2022.SB.PrairieView
2022.SB.Oklahoma,0.0,0.9999960236707657,0.9999999999948135,1.0
2022.SB.TexasA&M,3.976329234307717e-06,0.0,0.9982737660196115,0.9999999999980371
2022.SB.Minnesota,5.186558284251787e-12,0.001726233980388521,0.0,0.9999994528133664
2022.SB.PrairieView,4.859648710407456e-23,1.9628804186845427e-12,5.47186633572581e-07,0.0
