,2022.SB.Florida,2022.SB.GeorgiaTech,2022.SB.Wisconsin,2022.SB.Canisius
2022.SB.Florida,0.0,0.8237919462654705,0.9553584271638368,0.9261931373694596
2022.SB.GeorgiaTech,0.17620805373452952,0.0,0.8236446046383005,0.7443274752350344
2022.SB.Wisconsin,0.04464157283616313,0.17635539536169956,0.0,0.4004794731999163
2022.SB.Canisius,0.07380686263054041,0.25567252476496555,0.5995205268000837,0.0
