,2022.SB.UCF,2022.SB.Michigan,2022.SB.SouthDakotaSt,2022.SB.Villanova
2022.SB.UCF,0.0,0.47177436818199014,0.2576553407653816,0.9485143378160422
2022.SB.Michigan,0.5282256318180099,0.0,0.3063162379631991,0.9326278104912753
2022.SB.SouthDakotaSt,0.7423446592346185,0.6936837620368009,0.0,0.981568214603885
2022.SB.Villanova,0.05148566218395772,0.06737218950872466,0.018431785396114946,0.0
