,2022.SB.Florida,2022.SB.GeorgiaTech,2022.SB.Wisconsin,2022.SB.Canisius
2022.SB.Florida,0.0,0.7880072871634691,0.951085527707772,0.9930546074963159
2022.SB.GeorgiaTech,0.21199271283653084,0.0,0.8166992099840986,0.9590942236589123
2022.SB.Wisconsin,0.048914472292228,0.1833007900159015,0.0,0.8105355869117772
2022.SB.Canisius,0.006945392503684082,0.04090577634108768,0.1894644130882227,0.0
