,2022.SB.FloridaSt,2022.SB.MississippiSt,2022.SB.SouthFla,2022.SB.Howard
2022.SB.FloridaSt,0.0,0.8576321007871867,0.5283505188830846,0.925725887726296
2022.SB.MississippiSt,0.14236789921281323,0.0,0.1896831385210318,0.6160772651469674
2022.SB.SouthFla,0.4716494811169155,0.8103168614789682,0.0,0.8856854900871248
2022.SB.Howard,0.07427411227370395,0.3839227348530326,0.11431450991287521,0.0
