,2022.SB.Florida,2022.SB.GeorgiaTech,2022.SB.Wisconsin,2022.SB.Canisius
2022.SB.Florida,0.0,0.8981883810318124,0.9930271527706067,0.9996681825246558
2022.SB.GeorgiaTech,0.10181161896818759,0.0,0.9093713446328497,0.9893957977184613
2022.SB.Wisconsin,0.006972847229393368,0.09062865536715019,0.0,0.8423706041701698
2022.SB.Canisius,0.00033181747534414467,0.010604202281538674,0.15762939582983013,0.0
