,2022.SB.UCF,2022.SB.Michigan,2022.SB.SouthDakotaSt,2022.SB.Villanova
2022.SB.UCF,0.0,0.428349871120907,0.3960022876968441,0.9906353042592575
2022.SB.Michigan,0.571650128879093,0.0,0.47472212129216507,0.9840640859067189
2022.SB.SouthDakotaSt,0.6039977123031559,0.5252778787078348,0.0,0.9895914990523829
2022.SB.Villanova,0.00936469574074247,0.0159359140932811,0.010408500947617121,0.0
