,2022.SB.Oklahoma,2022.SB.TexasA&M,2022.SB.Minnesota,2022.SB.PrairieView
2022.SB.Oklahoma,0.0,0.9999994444563639,0.9999999998990372,0.9999999999999971
2022.SB.TexasA&M,5.555436361620944e-07,0.0,0.9620664289243006,0.999883468240085
2022.SB.Minnesota,1.0096270686851795e-10,0.03793357107569935,0.0,0.981487874953073
2022.SB.PrairieView,2.7928027045589323e-15,0.00011653175991500096,0.018512125046926925,0.0
