,2024.SB.UCLA,2024.SB.VirginiaTech,2024.SB.SanDiegoSt,2024.SB.GrandCanyon
2024.SB.UCLA,0.0,0.21994136042987802,0.8300314209629409,0.6253217282861202
2024.SB.VirginiaTech,0.780058639570122,0.0,0.9525530226377931,0.8573744603641944
2024.SB.SanDiegoSt,0.16996857903705906,0.04744697736220692,0.0,0.26247970040919105
2024.SB.GrandCanyon,0.3746782717138798,0.14262553963580565,0.7375202995908089,0.0
