,2024.SB.Florida,2024.SB.SouthAlabama,2024.SB.FlaAtlantic,2024.SB.FGCU
2024.SB.Florida,0.0,0.9992965021565697,0.9997618506100306,0.9999942065737237
2024.SB.SouthAlabama,0.0007034978434303526,0.0,0.4173214886870415,0.8395550240406771
2024.SB.FlaAtlantic,0.0002381493899693743,0.5826785113129584,0.0,0.9089011709490891
2024.SB.FGCU,5.793426276225856e-06,0.16044497595932294,0.09109882905091092,0.0
