,2024.SB.UCLA,2024.SB.VirginiaTech,2024.SB.SanDiegoSt,2024.SB.GrandCanyon
2024.SB.UCLA,0.0,0.2765408194847532,0.9580371345612078,0.965892041976421
2024.SB.VirginiaTech,0.7234591805152468,0.0,0.9934568323933941,0.9958108614134569
2024.SB.SanDiegoSt,0.04196286543879216,0.006543167606605842,0.0,0.48830164340999954
2024.SB.GrandCanyon,0.034107958023578994,0.004189138586543074,0.5116983565900004,0.0
