,2024.SB.Florida,2024.SB.SouthAlabama,2024.SB.FlaAtlantic,2024.SB.FGCU
2024.SB.Florida,0.0,0.8531931861989832,0.7185517653720906,0.8841825943664198
2024.SB.SouthAlabama,0.1468068138010168,0.0,0.3070443342988192,0.5597956378633507
2024.SB.FlaAtlantic,0.2814482346279093,0.6929556657011807,0.0,0.744209020345498
2024.SB.FGCU,0.11581740563358023,0.44020436213664915,0.2557909796545021,0.0
