,2024.SB.UCLA,2024.SB.VirginiaTech,2024.SB.SanDiegoSt,2024.SB.GrandCanyon
2024.SB.UCLA,0.0,0.29377686457528995,0.6503213040628744,0.42900901226784255
2024.SB.VirginiaTech,0.7062231354247102,0.0,0.8167173811308065,0.6339002728311043
2024.SB.SanDiegoSt,0.3496786959371255,0.18328261886919342,0.0,0.29401156665721867
2024.SB.GrandCanyon,0.5709909877321575,0.3660997271688957,0.7059884333427813,0.0
